{
  "hash": "6e7b991f",
  "configHash": "fec45352",
  "lockfileHash": "67f75886",
  "browserHash": "1da1dede",
  "optimized": {
    "@angular/cdk/bidi": {
      "src": "../../../../../../node_modules/@angular/cdk/fesm2022/bidi.mjs",
      "file": "@angular_cdk_bidi.js",
      "fileHash": "0a4bbaa0",
      "needsInterop": false
    },
    "@angular/common": {
      "src": "../../../../../../node_modules/@angular/common/fesm2022/common.mjs",
      "file": "@angular_common.js",
      "fileHash": "37f60e6e",
      "needsInterop": false
    },
    "@angular/common/http": {
      "src": "../../../../../../node_modules/@angular/common/fesm2022/http.mjs",
      "file": "@angular_common_http.js",
      "fileHash": "9ecb3279",
      "needsInterop": false
    },
    "@angular/core": {
      "src": "../../../../../../node_modules/@angular/core/fesm2022/core.mjs",
      "file": "@angular_core.js",
      "fileHash": "4d574b6b",
      "needsInterop": false
    },
    "@angular/forms": {
      "src": "../../../../../../node_modules/@angular/forms/fesm2022/forms.mjs",
      "file": "@angular_forms.js",
      "fileHash": "0eecfc19",
      "needsInterop": false
    },
    "@angular/material/button": {
      "src": "../../../../../../node_modules/@angular/material/fesm2022/button.mjs",
      "file": "@angular_material_button.js",
      "fileHash": "969e127a",
      "needsInterop": false
    },
    "@angular/material/toolbar": {
      "src": "../../../../../../node_modules/@angular/material/fesm2022/toolbar.mjs",
      "file": "@angular_material_toolbar.js",
      "fileHash": "0c94c53e",
      "needsInterop": false
    },
    "@angular/platform-browser": {
      "src": "../../../../../../node_modules/@angular/platform-browser/fesm2022/platform-browser.mjs",
      "file": "@angular_platform-browser.js",
      "fileHash": "788eeaae",
      "needsInterop": false
    },
    "@angular/platform-server": {
      "src": "../../../../../../node_modules/@angular/platform-server/fesm2022/platform-server.mjs",
      "file": "@angular_platform-server.js",
      "fileHash": "ce99dd92",
      "needsInterop": false
    },
    "@angular/router": {
      "src": "../../../../../../node_modules/@angular/router/fesm2022/router.mjs",
      "file": "@angular_router.js",
      "fileHash": "7b2f4099",
      "needsInterop": false
    },
    "@angular/ssr": {
      "src": "../../../../../../node_modules/@angular/ssr/fesm2022/ssr.mjs",
      "file": "@angular_ssr.js",
      "fileHash": "b39b6f5f",
      "needsInterop": false
    },
    "@angular/ssr/node": {
      "src": "../../../../../../node_modules/@angular/ssr/fesm2022/node.mjs",
      "file": "@angular_ssr_node.js",
      "fileHash": "d5197b66",
      "needsInterop": false
    },
    "@apollo/client/core": {
      "src": "../../../../../../node_modules/@apollo/client/core/index.js",
      "file": "@apollo_client_core.js",
      "fileHash": "a78db189",
      "needsInterop": false
    },
    "apollo-angular": {
      "src": "../../../../../../node_modules/apollo-angular/fesm2022/ngApollo.mjs",
      "file": "apollo-angular.js",
      "fileHash": "81645092",
      "needsInterop": false
    },
    "apollo-angular/http": {
      "src": "../../../../../../node_modules/apollo-angular/fesm2022/ngApolloLinkHttp.mjs",
      "file": "apollo-angular_http.js",
      "fileHash": "24337a6b",
      "needsInterop": false
    },
    "express": {
      "src": "../../../../../../node_modules/express/index.js",
      "file": "express.js",
      "fileHash": "dbaaaf76",
      "needsInterop": true
    },
    "rxjs": {
      "src": "../../../../../../node_modules/rxjs/dist/cjs/index.js",
      "file": "rxjs.js",
      "fileHash": "d55a1fa1",
      "needsInterop": true
    },
    "rxjs/operators": {
      "src": "../../../../../../node_modules/rxjs/dist/cjs/operators/index.js",
      "file": "rxjs_operators.js",
      "fileHash": "1aa37102",
      "needsInterop": true
    }
  },
  "chunks": {
    "xhr2-TXIMV6CV": {
      "file": "xhr2-TXIMV6CV.js"
    },
    "chunk-3Q5ND54V": {
      "file": "chunk-3Q5ND54V.js"
    },
    "chunk-RFIKNIA4": {
      "file": "chunk-RFIKNIA4.js"
    },
    "chunk-MNOWQGBD": {
      "file": "chunk-MNOWQGBD.js"
    },
    "chunk-V4VQ43CF": {
      "file": "chunk-V4VQ43CF.js"
    },
    "chunk-ZXVX254H": {
      "file": "chunk-ZXVX254H.js"
    },
    "chunk-ZDUMQYT4": {
      "file": "chunk-ZDUMQYT4.js"
    },
    "chunk-SPNJK72X": {
      "file": "chunk-SPNJK72X.js"
    },
    "chunk-OOT2KZYK": {
      "file": "chunk-OOT2KZYK.js"
    },
    "chunk-67MVZYYZ": {
      "file": "chunk-67MVZYYZ.js"
    },
    "chunk-24GRDNIF": {
      "file": "chunk-24GRDNIF.js"
    },
    "chunk-ZUJ64LXG": {
      "file": "chunk-ZUJ64LXG.js"
    },
    "chunk-XCIYP5SE": {
      "file": "chunk-XCIYP5SE.js"
    },
    "chunk-OYTRG5F6": {
      "file": "chunk-OYTRG5F6.js"
    },
    "chunk-YHCV7DAQ": {
      "file": "chunk-YHCV7DAQ.js"
    }
  }
}