{
  "hash": "c0b4cc20",
  "configHash": "43f691a0",
  "lockfileHash": "67f75886",
  "browserHash": "8e6a7441",
  "optimized": {
    "@angular/cdk/bidi": {
      "src": "../../../../../../node_modules/@angular/cdk/fesm2022/bidi.mjs",
      "file": "@angular_cdk_bidi.js",
      "fileHash": "c425da57",
      "needsInterop": false
    },
    "@angular/common": {
      "src": "../../../../../../node_modules/@angular/common/fesm2022/common.mjs",
      "file": "@angular_common.js",
      "fileHash": "44ef2330",
      "needsInterop": false
    },
    "@angular/common/http": {
      "src": "../../../../../../node_modules/@angular/common/fesm2022/http.mjs",
      "file": "@angular_common_http.js",
      "fileHash": "6970f3ff",
      "needsInterop": false
    },
    "@angular/core": {
      "src": "../../../../../../node_modules/@angular/core/fesm2022/core.mjs",
      "file": "@angular_core.js",
      "fileHash": "c86c038a",
      "needsInterop": false
    },
    "@angular/forms": {
      "src": "../../../../../../node_modules/@angular/forms/fesm2022/forms.mjs",
      "file": "@angular_forms.js",
      "fileHash": "7556a911",
      "needsInterop": false
    },
    "@angular/material/button": {
      "src": "../../../../../../node_modules/@angular/material/fesm2022/button.mjs",
      "file": "@angular_material_button.js",
      "fileHash": "5b8897cf",
      "needsInterop": false
    },
    "@angular/material/toolbar": {
      "src": "../../../../../../node_modules/@angular/material/fesm2022/toolbar.mjs",
      "file": "@angular_material_toolbar.js",
      "fileHash": "76247d6a",
      "needsInterop": false
    },
    "@angular/platform-browser": {
      "src": "../../../../../../node_modules/@angular/platform-browser/fesm2022/platform-browser.mjs",
      "file": "@angular_platform-browser.js",
      "fileHash": "0f756be8",
      "needsInterop": false
    },
    "@angular/router": {
      "src": "../../../../../../node_modules/@angular/router/fesm2022/router.mjs",
      "file": "@angular_router.js",
      "fileHash": "a1ab03bb",
      "needsInterop": false
    },
    "@apollo/client/core": {
      "src": "../../../../../../node_modules/@apollo/client/core/index.js",
      "file": "@apollo_client_core.js",
      "fileHash": "610f715b",
      "needsInterop": false
    },
    "apollo-angular": {
      "src": "../../../../../../node_modules/apollo-angular/fesm2022/ngApollo.mjs",
      "file": "apollo-angular.js",
      "fileHash": "d894893d",
      "needsInterop": false
    },
    "apollo-angular/http": {
      "src": "../../../../../../node_modules/apollo-angular/fesm2022/ngApolloLinkHttp.mjs",
      "file": "apollo-angular_http.js",
      "fileHash": "4adedc7f",
      "needsInterop": false
    },
    "rxjs": {
      "src": "../../../../../../node_modules/rxjs/dist/esm5/index.js",
      "file": "rxjs.js",
      "fileHash": "0a1298ac",
      "needsInterop": false
    },
    "rxjs/operators": {
      "src": "../../../../../../node_modules/rxjs/dist/esm5/operators/index.js",
      "file": "rxjs_operators.js",
      "fileHash": "8701f59d",
      "needsInterop": false
    }
  },
  "chunks": {
    "chunk-X7XRGH6T": {
      "file": "chunk-X7XRGH6T.js"
    },
    "chunk-NJ6SLPBR": {
      "file": "chunk-NJ6SLPBR.js"
    },
    "chunk-DQPLIEC6": {
      "file": "chunk-DQPLIEC6.js"
    },
    "chunk-S5M2WEZS": {
      "file": "chunk-S5M2WEZS.js"
    },
    "chunk-N5UASNSY": {
      "file": "chunk-N5UASNSY.js"
    },
    "chunk-6UOVHEXW": {
      "file": "chunk-6UOVHEXW.js"
    },
    "chunk-33YCQXIH": {
      "file": "chunk-33YCQXIH.js"
    },
    "chunk-WHDSPBRB": {
      "file": "chunk-WHDSPBRB.js"
    },
    "chunk-UQF5AJPC": {
      "file": "chunk-UQF5AJPC.js"
    },
    "chunk-QPBJUVMV": {
      "file": "chunk-QPBJUVMV.js"
    },
    "chunk-L3TH4L7L": {
      "file": "chunk-L3TH4L7L.js"
    }
  }
}